id,name,department,salary,hire_date
1,Jason Perry,IT,117861,2024-10-24
2,Cassie Berger,Sales,75124,2023-03-04
3,Zachary Mccarty PhD,Marketing,84947,2016-03-18
4,Rachael Roberts,Finance,92139,2021-09-22
5,Ashley Owens,Marketing,71965,2018-01-18
6,Bethany Nelson,Admin,42600,2016-02-27
7,Gregory Burns,Operations,72640,2016-07-18
8,James Reyes,Admin,47429,2023-04-16
9,Connie Lamb,Admin,59992,2016-11-13
10,Tammy Williams,Finance,82359,2021-08-17
11,Cynthia Jones,HR,47623,2021-12-03
12,Crystal Bennett,Marketing,45481,2016-03-13
13,Troy Rodgers,Operations,60464,2016-01-26
14,Kevin Harris,Admin,39520,2018-07-18
15,Matthew Jennings,Sales,44426,2021-06-03
16,Cameron Smith,HR,44383,2023-01-02
17,Hayley White,IT,97839,2017-09-21
18,Patrick Huber,Admin,30201,2016-11-02
19,Jason Tyler,HR,43828,2023-07-06
20,Nicole Tran,Marketing,77023,2021-11-13
21,James Mcguire,Admin,51697,2022-05-17
22,Sara Franklin,Marketing,86301,2020-01-02
23,Danny Johnson,HR,46542,2019-06-29
24,Ashley Howell,Sales,70418,2018-03-01
25,Debra Johnson,HR,66378,2020-12-31
26,Lisa Brown,Sales,51394,2016-06-01
27,Jessica Jones,HR,45501,2016-08-30
28,John Smith,Operations,57721,2018-08-11
29,Jeffrey Stewart,Finance,96474,2020-11-10
30,Anna Harris,IT,89963,2017-06-30
31,Jamie West,Marketing,66310,2017-04-25
32,Andrew Walter,Admin,48894,2022-04-18
33,Stacey Taylor,Sales,60526,2017-02-09
34,Kenneth Austin,Marketing,71865,2020-02-22
35,Denise Thompson,Operations,72962,2024-07-08
36,Jamie Shelton,Sales,46520,2017-04-18
37,Lindsey Anderson,HR,49008,2019-01-23
38,Robert James,Admin,34847,2020-03-26
39,Jeffery Harris,Sales,58148,2021-12-29
40,David Coleman,Sales,41090,2024-10-28
41,Jeffery Gregory,Admin,57582,2024-10-24
42,Judy Gilbert,Finance,88523,2023-05-26
43,Stephanie Peters,Finance,83805,2024-03-20
44,Carolyn Lynch,Sales,73052,2022-12-08
45,Matthew Monroe,IT,74390,2025-04-05
46,Michael Campbell,IT,77561,2021-02-13
47,Janice Allison,Marketing,52616,2025-01-17
48,Curtis Austin,Finance,82016,2023-10-01
49,Andrea Ingram,Marketing,67800,2017-06-20
50,Andrew Williams,Sales,35544,2018-06-26
51,Yvette Roberts,IT,100115,2019-11-13
52,Jennifer Weaver,Admin,45992,2022-04-08
53,Jesus Morgan,IT,110751,2025-06-24
54,Susan Anderson,Marketing,50692,2021-12-28
55,Danielle Thompson,Operations,49212,2025-04-07
56,Deborah Roberts,Finance,57346,2023-04-26
57,David Robinson,Marketing,51088,2024-09-26
58,Marie Thomas,IT,108816,2022-11-12
59,Chelsea Mcdonald,HR,48012,2019-11-02
60,Jessica Pierce,Admin,34476,2017-04-13
61,Jose Cuevas,Admin,30763,2022-05-11
62,Laura Warner,Sales,57183,2019-12-18
63,Christina Collier,IT,91827,2025-07-28
64,Victor Huff,Sales,85232,2024-05-15
65,Ryan Anderson,Admin,34295,2017-03-10
66,Samantha Wilkerson,Admin,55965,2020-12-31
67,Mrs. Mary Hardy,HR,51097,2015-10-31
68,Justin Holden,Sales,52236,2021-04-11
69,Dr. Michelle Hayes,Sales,86300,2023-09-30
70,Laura Miller,Operations,45314,2017-06-08
71,Miguel Schneider,Operations,73449,2023-11-21
72,Hunter Nolan,Operations,67147,2022-01-29
73,Jill Thomas,Finance,81738,2015-11-08
74,Brandy Archer,Operations,51326,2024-09-09
75,Jeffery Williams,Sales,88224,2019-02-19
76,Steven Medina,Admin,43950,2020-02-10
77,Tyrone Woodward PhD,Admin,57936,2024-03-17
78,Brendan Jones,Admin,51964,2025-07-24
79,Mia Turner,HR,49335,2021-01-16
80,Donna Hardy,IT,84862,2017-04-26
81,Patricia Hunt,Admin,55809,2017-08-13
82,Bethany Mitchell,HR,55652,2025-06-11
83,Daniel Smith,IT,79245,2021-09-12
84,Daniel Sanchez,Sales,83228,2023-07-28
85,Sandra Ramos,Operations,72319,2018-11-20
86,Stephen Curtis,IT,60544,2022-03-05
87,Tony Contreras,Admin,36798,2020-06-05
88,Sandy Love,Operations,63797,2019-12-27
89,Aaron Diaz,Sales,81354,2023-06-22
90,Michelle Hartman,IT,77870,2021-11-11
91,Kimberly Drake,IT,73026,2021-05-23
92,Blake Rodriguez,Admin,35352,2021-05-17
93,Monique Snow,HR,51968,2023-04-22
94,Norman Sullivan,Sales,79227,2022-12-01
95,Kenneth Gonzales,Admin,42746,2025-07-26
96,Victoria Salinas,Sales,61078,2019-12-20
97,Jonathan Yang,Operations,68537,2019-01-03
98,Tammy Frederick,IT,113868,2023-02-17
99,Melody Decker,IT,75159,2021-12-16
100,Jason Woods,Sales,36414,2023-09-26
101,Mr. Lee Sanchez,Finance,67945,2017-08-08
102,Jared Rosario,HR,67754,2017-08-02
103,Amy Marquez,Finance,84584,2020-08-10
104,Charles Salazar,Finance,94169,2019-08-31
105,Tyler Sharp,HR,57771,2022-09-12
106,Heather Austin,Admin,57177,2025-08-27
107,Seth Jones,IT,82647,2017-06-22
108,Jeffrey Rodriguez,Sales,79959,2021-04-16
109,Jill Jones,IT,111885,2020-05-05
110,Joseph Donovan,IT,77809,2022-06-16
111,Benjamin Cardenas,Marketing,91768,2023-09-08
112,Maria Williams,Marketing,81857,2017-01-16
113,Kristen Evans,HR,40980,2021-10-02
114,Michelle Drake,Marketing,45214,2015-11-19
115,Karen Klein,Operations,57940,2018-06-26
116,Kenneth Smith,Operations,58864,2023-08-20
117,Kevin Thomas,Operations,55502,2019-12-09
118,Cameron Luna,Sales,84534,2022-03-24
119,Judith Johnson,Marketing,82041,2016-07-08
120,Barbara Fuentes DDS,IT,93008,2020-11-22
121,Kerry Bender,Operations,77186,2016-09-25
122,Albert Jackson,HR,55695,2018-02-20
123,Jeffrey Williams,HR,59602,2019-10-26
124,Gary Stevens,Marketing,78531,2022-10-14
125,David Koch,Finance,71657,2019-10-04
126,Stephanie Anderson,Admin,35873,2023-11-14
127,Jessica Sloan,Sales,38789,2023-03-21
128,Aimee Pearson,Operations,63069,2022-06-11
129,Spencer Stewart,Operations,64285,2022-07-14
130,Samuel Rodriguez,Admin,44643,2021-06-03
131,Glenn Ellison,IT,62097,2021-10-02
132,Karen Williams,Finance,58285,2018-05-21
133,Peter Sharp,Marketing,80108,2018-09-26
134,Bianca Ortiz,IT,116197,2016-05-19
135,Tyler Graham,IT,106144,2020-02-08
136,Brian Taylor,Marketing,72992,2019-03-05
137,Alexis Rivera,Finance,90911,2017-02-11
138,Jonathan Wallace,Finance,93117,2015-12-20
139,Amy James,HR,50132,2019-01-29
140,Robert Ramsey,Admin,50393,2019-03-13
141,Thomas Norris,Sales,41716,2025-03-03
142,Kelly Fleming,Finance,93778,2021-07-18
143,Adrian Rubio,HR,62045,2024-11-28
144,Marie Wolfe,Admin,48136,2017-10-15
145,Nathan Ramirez,HR,56290,2025-07-24
146,Cheryl Keller,Sales,60054,2021-06-11
147,Eric Cunningham,Admin,59483,2025-02-18
148,Nathan Thomas,HR,61929,2024-12-20
149,Sheri Ramos,HR,44801,2019-07-06
150,Marissa Gamble,Sales,72049,2018-10-01
151,Jill Hampton MD,Finance,62755,2017-11-14
152,Deborah Obrien,Sales,52643,2016-10-19
153,Pamela Martin,Marketing,51198,2020-09-05
154,Deborah Smith,IT,93665,2016-11-29
155,Dana Evans,Finance,109897,2018-08-07
156,Jill Ortiz,HR,63865,2019-03-16
157,Christopher Scott,Finance,67746,2018-08-11
158,Allison Gaines,Sales,84144,2022-03-26
159,Amy Romero,Marketing,51006,2022-04-10
160,Brittany Diaz,Marketing,47087,2017-05-28
161,Nathaniel Griffin,Marketing,79283,2022-12-01
162,Dr. Kendra Kelly,Finance,59896,2022-06-06
163,Gina Larson,Operations,48409,2019-12-17
164,Spencer Gonzales,Sales,83082,2018-12-05
165,Helen Hancock,HR,63392,2016-04-20
166,Sarah Pugh,Admin,58326,2021-06-26
167,David Allen,Marketing,77881,2025-01-06
168,Jessica Brown,Finance,92732,2020-05-25
169,Adrian Rivas,HR,41411,2021-06-23
170,Matthew Cruz,Admin,31933,2022-12-12
171,Ryan Vasquez,HR,52381,2022-12-07
172,Jessica Wright,Operations,55353,2024-04-26
173,Michael Perry,Marketing,45924,2024-03-04
174,David Rogers,Marketing,78022,2019-09-22
175,Sarah Vaughan,IT,95238,2023-08-05
176,David Mendoza,HR,52504,2019-10-04
177,Emily Clark,Marketing,83431,2018-04-05
178,Joe Rose,Marketing,76934,2019-09-08
179,Derrick Hawkins,Marketing,78663,2025-08-31
180,James Garza,Admin,33339,2024-03-31
181,Joshua Davis,Finance,74508,2020-08-13
182,Anthony Frank,Operations,68941,2022-08-03
183,Kayla Burton,IT,86919,2025-01-07
184,Jessica Hawkins,Admin,57933,2018-07-22
185,Tracey Mccarthy,Sales,61741,2023-07-20
186,Eric Torres,Operations,69877,2019-05-11
187,Michael Rogers,Finance,96265,2017-07-16
188,Kendra Morse,Operations,79887,2020-06-20
189,Gilbert Roberts,Sales,37834,2024-02-24
190,Angela Maldonado,Sales,82324,2017-12-21
191,Samuel Martinez,IT,72228,2024-01-04
192,Brian Guerra,Finance,70263,2025-04-29
193,Melissa Koch,IT,105996,2017-12-18
194,Jennifer Gilmore,Sales,62154,2015-10-11
195,Raymond Ellis,Admin,42250,2017-02-05
196,Veronica Harris,Admin,38423,2016-01-24
197,Melissa Moran,Sales,82395,2025-04-16
198,Matthew Robinson,Sales,81594,2020-12-02
199,Shirley Nichols,HR,67415,2022-05-11
200,Glenn Williams,Operations,41503,2022-03-10
201,David Mcmahon,IT,112625,2022-05-19
202,Benjamin Watson,Sales,86689,2020-02-24
203,Kristie Simmons,Operations,40058,2022-05-13
204,Brian Frank,Operations,47136,2016-08-19
205,Steven Ball,Admin,58032,2023-08-01
206,Brittany Kim,Sales,41897,2020-11-28
207,Natalie Sparks,Finance,96344,2025-05-27
208,Richard Mcintosh,Marketing,79282,2016-07-06
209,Casey Cruz,Sales,59900,2024-10-02
210,Tina Johnson,Admin,59986,2019-03-22
211,Kevin Glass,Admin,49179,2024-05-31
212,Amanda Johnson,Sales,39313,2024-09-04
213,Michael Durham,HR,46681,2025-08-16
214,Steven Mcdonald,Admin,56989,2025-05-22
215,Natalie Tyler,Marketing,71180,2024-02-22
216,Lisa Long,IT,93215,2023-02-12
217,Dale May,Admin,35058,2020-07-12
218,Robert Odom,Admin,39350,2015-10-19
219,Timothy Mitchell,Sales,89903,2021-10-16
220,Karen Chapman,HR,44288,2023-03-18
221,Eric Bright,Sales,53597,2016-09-10
222,Alexander Ferguson,IT,88961,2019-11-24
223,Wanda Hunt,IT,88496,2023-01-30
224,Tiffany Walker,Operations,67102,2021-06-04
225,Rodney Mata,HR,64108,2022-12-09
226,Julie Freeman,Marketing,84694,2024-12-09
227,Monica Cruz,Admin,43530,2019-04-25
228,Erica Wood,Operations,75225,2025-04-03
229,Monica Martin MD,HR,58971,2021-03-25
230,Paula Wells,HR,65450,2015-09-25
231,Andrea Lopez,HR,46292,2021-01-18
232,Mr. Garrett Lopez,HR,56285,2016-10-28
233,Logan Warren,IT,74981,2021-07-28
234,Gregory Stout DVM,HR,61778,2016-05-25
235,Michael Robertson,Admin,59970,2017-05-02
236,Marcus Stevenson,Marketing,81601,2023-12-05
237,John Smith,Operations,66414,2025-04-20
238,Margaret Green,Sales,53683,2019-10-22
239,Jerry Rodriguez,IT,87956,2024-04-22
240,Christopher Thomas,Marketing,78500,2016-12-17
241,Emily Gilbert,IT,106751,2019-05-02
242,Jordan Cox,IT,90818,2018-02-15
243,Gilbert Schwartz DDS,HR,40442,2025-03-21
244,Allen Murray,Sales,41141,2023-11-13
245,Nicole Chan,HR,58369,2017-02-01
246,Edward Perez,Sales,67293,2025-05-07
247,Bernard Carroll,Finance,65621,2020-10-25
248,Sarah Snyder,Operations,49100,2022-11-23
249,Diane Parsons,Finance,57139,2024-12-20
250,Francisco Rodriguez,IT,114073,2024-09-18
251,Tiffany Martinez,Finance,68743,2020-02-23
252,Richard Bowman,Marketing,67361,2024-09-06
253,Jeremy Frost,Finance,65975,2024-09-10
254,Megan Davis,Finance,63978,2023-06-16
255,Kimberly Davis,IT,102797,2021-09-02
256,Jon Martinez,Marketing,88815,2024-06-11
257,Michael Sullivan,HR,55376,2022-01-14
258,Michael Mccarthy,Sales,81510,2018-02-26
259,Albert Harris,HR,62046,2016-08-02
260,Danielle Rose,Finance,79646,2019-02-01
261,Brandon Schultz,IT,92670,2019-12-14
262,Tammy Hernandez,Marketing,62058,2021-05-29
263,Shelley Smith,Operations,51839,2017-12-20
264,Ebony Delgado,Admin,47535,2022-01-23
265,Leslie Washington,Admin,42750,2022-06-25
266,Samantha Holt,Finance,88233,2022-07-17
267,Joshua Gibson,Marketing,68725,2020-07-17
268,Brandy Stark,Operations,56192,2019-11-23
269,Sean Davis,Operations,63589,2018-01-29
270,Steven Fernandez,IT,114979,2015-11-19
271,Jessica Elliott,Admin,30628,2022-08-25
272,Kayla Davis,Sales,46849,2022-02-17
273,April Key,Sales,76930,2025-03-29
274,Megan Terry MD,HR,42102,2020-04-03
275,Kenneth Mendoza,Finance,70373,2016-01-01
276,Andrew Pollard,Finance,86715,2016-07-24
277,Jasmine Griffin PhD,Sales,42984,2019-05-21
278,Brian Clayton,Sales,69919,2017-06-16
279,Miranda Parker,Operations,58217,2016-01-26
280,Ann Howe,Operations,58584,2022-04-29
281,Christopher Boyle,Finance,87656,2022-05-27
282,Hayden Cervantes,Sales,62392,2021-07-18
283,Zachary Day,Marketing,56020,2017-11-06
284,Julie Hall,Sales,40306,2023-04-24
285,Mark Marshall,IT,116126,2020-08-17
286,Karen Donovan,Marketing,62086,2018-03-19
287,Philip Ryan,Marketing,63862,2015-10-12
288,Kristen Guerrero,Operations,42329,2017-11-05
289,Julie Johnson,Admin,52927,2020-01-13
290,Mr. Peter Smith,Admin,32795,2023-01-03
291,Christine Love,Marketing,90908,2015-10-18
292,John Williams,Marketing,85769,2023-05-24
293,Michelle Brown,Sales,63055,2022-10-15
294,Nicholas Hurst,Sales,52498,2021-10-09
295,Brian Irwin,Marketing,82654,2018-01-02
296,Zachary Stanton,IT,97580,2020-09-30
297,Taylor Schultz,Marketing,87130,2024-03-05
298,Scott Everett,Admin,58201,2019-04-05
299,James Parker,Marketing,49226,2023-10-14
300,Joseph Clark,Marketing,48369,2021-12-02
301,Douglas Hall,IT,72137,2016-11-23
302,Steven Jones,Admin,45755,2021-03-06
303,Eileen May,IT,100225,2024-10-23
304,Marissa Thornton,Admin,42681,2019-07-14
305,Barry Hamilton,Admin,42299,2022-10-26
306,Brenda Sellers,Marketing,60710,2020-09-12
307,Emily Kim,Admin,51795,2021-11-15
308,Alyssa Perez,IT,72206,2024-05-02
309,William Brown,Operations,58847,2018-12-29
310,Mike Fisher,Admin,52286,2024-07-01
311,David Barnett,Marketing,50402,2023-09-07
312,Taylor Hall,HR,56451,2021-03-28
313,Robin Malone,HR,42031,2025-02-26
314,Ashley Page,HR,61276,2021-09-05
315,James Daugherty,Finance,106914,2022-01-31
316,Jamie Perez,Sales,35795,2025-01-30
317,Taylor Moore,Finance,107506,2019-04-03
318,Bernard Arnold,Operations,60703,2021-02-16
319,Allison Kelley,HR,41423,2019-01-17
320,Amanda Martin,Marketing,71822,2025-08-04
321,Kyle Cain,Finance,91650,2017-01-16
322,Maxwell Bell,Marketing,68622,2021-01-24
323,April Rogers,HR,68129,2016-05-02
324,Jenny Herman,Admin,37615,2017-11-08
325,Jordan Garcia,Sales,85778,2018-06-04
326,Deborah Buck,HR,50512,2025-04-07
327,Rachel Gonzalez,Finance,109756,2023-09-04
328,Nicole Young,Marketing,60445,2022-01-15
329,John Porter,Operations,72074,2020-10-29
330,Joseph Rodriguez,Sales,83639,2020-03-18
331,Kirk West,HR,64285,2018-03-27
332,Patricia Palmer,Operations,54766,2016-02-17
333,Jennifer Rogers,IT,71962,2017-03-24
334,Wendy Parker,Sales,75415,2022-07-31
335,Cynthia Bates,IT,84892,2016-10-04
336,Shannon Pope,Operations,71822,2017-09-09
337,Ashley Jones,Marketing,66502,2024-03-30
338,Jennifer Nichols,Marketing,67859,2023-02-22
339,Susan Wood,Sales,88098,2018-08-29
340,Ernest Bird,Finance,101972,2018-06-18
341,Vanessa Porter,Marketing,63750,2021-12-18
342,Laurie Oliver,IT,80265,2025-07-22
343,Julia Gonzalez,IT,93335,2016-09-09
344,Joe James,Sales,65113,2021-02-06
345,Lisa Mccarthy,Operations,47669,2019-11-18
346,Nancy Roberts,HR,42675,2023-02-19
347,Cristina Golden,Admin,31310,2022-02-28
348,Brittney Baxter,Admin,41180,2017-01-31
349,Dana Campbell,Finance,101568,2025-07-15
350,Kristin Farley,Finance,89638,2021-09-27
351,Tammy Benitez,Marketing,48190,2015-10-18
352,Michael Hopkins,Sales,83569,2017-05-17
353,Summer Morgan,IT,91255,2016-12-02
354,Rachel Webb,Admin,38454,2023-12-18
355,Randall Abbott,Operations,58237,2017-03-29
356,Ariana Gray,Admin,40899,2021-04-12
357,Adam Mann,HR,46900,2017-03-21
358,John Martin,Admin,54961,2021-02-02
359,Arthur Edwards,Sales,37302,2023-10-29
360,Doris Hill,Marketing,65247,2017-07-21
361,James Davis,Admin,56791,2018-08-22
362,Anita Farley,Sales,51645,2018-04-29
363,Amy Garrison,Sales,42593,2018-01-09
364,John Ballard,Admin,46989,2021-10-21
365,Erika Mooney,Finance,68798,2017-03-17
366,Sheryl Wang,Finance,90013,2017-10-31
367,David Frazier,Finance,89956,2018-02-04
368,Ashley Smith,Sales,38215,2017-12-15
369,Matthew Graham,Sales,57444,2021-03-24
370,Stephen Tucker,IT,76782,2018-12-22
371,Martha Hamilton,Marketing,64894,2022-09-23
372,Joshua Clements,HR,44852,2023-06-01
373,Alyssa Logan,Admin,32424,2021-10-04
374,Raymond Harvey,Marketing,94121,2020-05-11
375,Billy Joseph,IT,74433,2022-10-27
376,Rebecca Miller,Operations,73007,2024-08-27
377,Austin Baird,HR,60964,2023-03-29
378,Samantha Ball,Admin,45653,2018-12-24
379,Elijah Terry,Finance,94313,2016-03-21
380,Ryan Ford,IT,109979,2016-07-01
381,Jesse Kim,Admin,38796,2016-04-19
382,Peter Ryan,Finance,87786,2018-03-07
383,David David,Operations,49650,2017-10-27
384,Tanner Flynn,IT,108492,2023-09-27
385,Brittany Morales,Sales,72222,2019-01-26
386,Kevin Rose,Marketing,49102,2021-12-31
387,Gail Williamson,IT,99237,2017-08-08
388,Miss Rebecca Ferrell,Finance,66991,2020-02-04
389,Thomas Reynolds,Operations,53382,2021-03-09
390,Amy Mclean,IT,67028,2021-04-20
391,Andrew Peterson,IT,115735,2019-10-03
392,Daniel Franklin,Operations,41213,2018-03-30
393,Alan King,Sales,81620,2024-08-27
394,Douglas Ward,HR,67426,2018-05-12
395,Ariel Fisher,Marketing,81530,2017-08-16
396,Jennifer Fisher,Operations,52990,2025-03-19
397,Benjamin Sanchez,Marketing,48776,2022-09-07
398,Katelyn Mitchell,HR,42829,2016-01-03
399,Vanessa Paul,Admin,33833,2016-04-18
400,Brittany Baker,Sales,68809,2019-04-18
401,Jessica Gibson,Finance,57870,2019-01-25
402,Sean Calhoun,Sales,36842,2024-02-13
403,Anthony Summers,IT,72413,2021-07-26
404,Michael Wallace,Marketing,59955,2023-02-12
405,Mark Johnson,IT,102991,2019-08-29
406,Richard Williams,IT,87157,2017-12-03
407,Thomas Gaines,IT,100012,2018-09-20
408,James Elliott,Finance,67201,2019-02-19
409,Keith Brown,Admin,58281,2024-05-26
410,Christina Gay,Marketing,92324,2024-04-12
411,Lawrence Nguyen,Operations,73284,2016-03-18
412,Brittany Hughes,Marketing,54441,2017-04-14
413,Jessica Jackson,IT,81180,2019-06-18
414,Frank Smith,Sales,87680,2016-12-01
415,Jennifer Randolph,Admin,42035,2022-04-07
416,Kristina Mitchell,IT,60225,2016-04-27
417,Martin Floyd,Finance,107785,2019-02-23
418,Kathleen Phelps,IT,84564,2018-01-19
419,Danielle West,Marketing,86010,2018-03-18
420,Barbara Gilbert,Sales,45481,2021-03-17
421,Jeffery Bates,Admin,32644,2019-03-20
422,Casey Andrews,IT,106779,2020-03-09
423,Isaac Hull,Operations,63858,2023-01-22
424,Sarah Montoya,Marketing,74994,2024-05-16
425,Candice Lowery,IT,78294,2023-07-21
426,Karina Wolf,Sales,41009,2018-08-05
427,Andrew Edwards,Marketing,55623,2021-09-05
428,Susan Mcgrath,Finance,81452,2019-12-24
429,Christine Richardson,HR,66119,2021-05-26
430,Greg May,HR,65430,2022-10-06
431,Stacy James,HR,57410,2022-07-14
432,Jennifer Jones,Sales,67072,2017-12-15
433,Ashley Harrison,Sales,86653,2018-11-19
434,Joseph Solis,Sales,81678,2018-12-04
435,Rebecca Rivas,Finance,82279,2020-09-24
436,Sandra Cannon,HR,45306,2023-02-11
437,Sandra Long,IT,111748,2016-05-31
438,Michael Glover,Marketing,78559,2019-07-19
439,Mario Diaz,Finance,76181,2021-07-22
440,Christina Smith,IT,86647,2021-11-27
441,Michael Stewart,HR,59285,2019-07-10
442,Stephanie Riley,IT,89781,2019-05-03
443,Leslie Cortez,Admin,38353,2016-07-27
444,Linda Kim,Finance,55882,2024-06-01
445,Caroline Silva,IT,77900,2018-01-05
446,Lisa Walls,Finance,60891,2017-09-24
447,Anna Gonzalez,IT,104933,2023-07-20
448,Charles Larson,Marketing,74031,2021-03-11
449,Anthony Moore,IT,76171,2023-10-02
450,Derrick Graham,Operations,57211,2022-05-11
451,Mrs. Elizabeth Rush,Admin,59250,2020-09-29
452,Joanna Harrington,Operations,65757,2025-08-20
453,Steve Thompson,Operations,67616,2024-12-03
454,Jason Hensley,Admin,30708,2021-11-06
455,Tommy Howard,IT,117486,2019-10-20
456,Lori Hunt DDS,Finance,65872,2025-04-23
457,Calvin Johnson,Operations,59991,2022-08-07
458,Mr. Adam Butler,Finance,104467,2021-12-22
459,Jose Byrd,IT,68461,2017-11-09
460,Brandy Sullivan,HR,62419,2019-11-23
461,Nicole Mitchell,Admin,32297,2015-11-21
462,Felicia Sanders DDS,Sales,67527,2018-05-15
463,Zachary Long,HR,42192,2016-09-26
464,Jordan Watson,Admin,48424,2020-12-17
465,Paul Eaton,Admin,57174,2018-12-19
466,Tammy Brooks,Admin,44010,2018-07-11
467,Ellen Sanders,Operations,53236,2025-05-08
468,Deborah Davis,Admin,49140,2018-08-23
469,Dr. Amber Wallace,IT,101156,2022-04-08
470,Dennis Johnson,Marketing,65311,2016-11-02
471,Richard Hernandez,IT,81955,2025-02-04
472,Taylor Benton,Sales,44764,2022-07-19
473,Erin Peterson,Admin,54052,2017-10-31
474,Rodney Larsen,Finance,83600,2025-03-24
475,Tanner Little,Admin,46843,2017-05-11
476,Marcus Williams,Finance,64172,2019-04-01
477,Kimberly Friedman,Admin,43713,2016-08-20
478,Kristen Silva,IT,71923,2021-09-01
479,Michael Baker,Marketing,59965,2025-02-12
480,David Wang,Operations,67217,2017-07-23
481,Lisa Sawyer,Sales,77347,2024-07-22
482,James Archer,Operations,62614,2019-02-20
483,Ryan Steele,Sales,75007,2019-11-27
484,Stephanie Huynh,Admin,58906,2024-09-21
485,Dominique Brewer,Finance,62885,2015-10-16
486,Stacey Williams,HR,55117,2025-03-22
487,Scott Hardin,Admin,59201,2024-02-04
488,Michael Thompson,Operations,72185,2021-09-22
489,Eric Perry,HR,44184,2016-01-08
490,Terry Martin,Finance,60478,2018-06-10
491,Carla Lopez,IT,109085,2024-07-05
492,Greg Wise,Admin,46743,2023-09-07
493,Chloe May,Operations,41196,2019-11-21
494,Nicole Hahn,Operations,46824,2021-02-27
495,Katherine Brooks,Admin,56931,2022-11-01
496,Mr. Scott Taylor,IT,87546,2021-09-30
497,John Peck,Sales,43053,2015-12-13
498,Cynthia Robertson,Admin,40529,2025-06-23
499,Dawn Cardenas,Operations,61920,2016-03-08
500,Patricia Ray,IT,89088,2021-07-29
